Article,URL,Section
How to enable wallet activity notifications in MetaMask Portfolio,https://support.metamask.io/hc/en-us/articles/20634458303643-How-to-enable-wallet-activity-notifications-in-MetaMask-Portfolio,10055453185435
Smart Swaps risk disclosures,https://support.metamask.io/hc/en-us/articles/20628953388827-Smart-Swaps-risk-disclosures,360012954532
How to delete your user data?,https://support.metamask.io/hc/en-us/articles/20225253134235-How-to-delete-your-user-data-,360012783592
Connecting to dapps with EIP-6963 (multi-wallet discovery),https://support.metamask.io/hc/en-us/articles/20220399729435-Connecting-to-dapps-with-EIP-6963-multi-wallet-discovery-,4469997552411
How to use different networks with MetaMask Activity,https://support.metamask.io/hc/en-us/articles/20096122678683-How-to-use-different-networks-with-MetaMask-Activity,13112158808603
How to turn on Blockaid security  alerts,https://support.metamask.io/hc/en-us/articles/19878220833947-How-to-turn-on-Blockaid-security-alerts,360012783592
How to bridge to a different token,https://support.metamask.io/hc/en-us/articles/19810799583643-How-to-bridge-to-a-different-token,10055455704731
"Fake token investment scams and ""pig butchering"" attacks",https://support.metamask.io/hc/en-us/articles/19540691879195-Fake-token-investment-scams-and-pig-butchering-attacks,11294597751963
Getting started with MetaMask Snaps,https://support.metamask.io/hc/en-us/articles/18377120661019-Getting-started-with-MetaMask-Snaps,18157513444635
Signature phishing,https://support.metamask.io/hc/en-us/articles/18370182015899-Signature-phishing,11294597751963
"What is a browser extension, and why is MetaMask one?",https://support.metamask.io/hc/en-us/articles/18132243800219-What-is-a-browser-extension-and-why-is-MetaMask-one-,360002198491
How to sell your crypto assets for fiat currency in MetaMask,https://support.metamask.io/hc/en-us/articles/18118120641947-How-to-sell-your-crypto-assets-for-fiat-currency-in-MetaMask,18118076533787
My country/region isn't supported for selling crypto,https://support.metamask.io/hc/en-us/articles/18118071123995-My-country-region-isn-t-supported-for-selling-crypto,18118076533787
How do I stake with MetaMask Staking?,https://support.metamask.io/hc/en-us/articles/17304456569627-How-do-I-stake-with-MetaMask-Staking-,10505259606555
How am I rewarded with Stader Labs?,https://support.metamask.io/hc/en-us/articles/17245281089051-How-am-I-rewarded-with-Stader-Labs-,10505259606555
What is Stader Labs and MaticX?,https://support.metamask.io/hc/en-us/articles/17245195214491-What-is-Stader-Labs-and-MaticX-,10505259606555
NFT airdrop scams,https://support.metamask.io/hc/en-us/articles/16677217612315-NFT-airdrop-scams,11294597751963
How to connect to Linea on MetaMask,https://support.metamask.io/hc/en-us/articles/16367251716251-How-to-connect-to-Linea-on-MetaMask,4499296637979
What is a signature in MetaMask?,https://support.metamask.io/hc/en-us/articles/15756276171163-What-is-a-signature-in-MetaMask-,360002198491
How to find a transaction nonce,https://support.metamask.io/hc/en-us/articles/15752269372699-How-to-find-a-transaction-nonce,4499203097627
Network profile: Celo,https://support.metamask.io/hc/en-us/articles/15527318680859-Network-profile-Celo,4442278744475
How do I recognize the real MetaMask? ,https://support.metamask.io/hc/en-us/articles/14930852259099-How-do-I-recognize-the-real-MetaMask-,11294597751963
What is 'eth_sign' and why is it a risk?,https://support.metamask.io/hc/en-us/articles/14764161421467-What-is-eth-sign-and-why-is-it-a-risk-,360012783592
How to view testnets in MetaMask,https://support.metamask.io/hc/en-us/articles/13946422437147-How-to-view-testnets-in-MetaMask,4470019780379
What's the difference between a wallet and an account? ,https://support.metamask.io/hc/en-us/articles/13466457757211-What-s-the-difference-between-a-wallet-and-an-account-,4470019780379
Known issues and supported browsers,https://support.metamask.io/hc/en-us/articles/13460989882779-Known-issues-and-supported-browsers,13112158808603
Troubleshooting a pending or stuck transaction with MetaMask Activity,https://support.metamask.io/hc/en-us/articles/13460965279003-Troubleshooting-a-pending-or-stuck-transaction-with-MetaMask-Activity,13112158808603
Can I access my accounts without my Secret Recovery Phrase?,https://support.metamask.io/hc/en-us/articles/13112366068251-Can-I-access-my-accounts-without-my-Secret-Recovery-Phrase-,4471815759131
Troubleshoot and analyze your transactions with MetaMask Activity,https://support.metamask.io/hc/en-us/articles/13110496693147-Troubleshoot-and-analyze-your-transactions-with-MetaMask-Activity,13112158808603
I received an email claiming to be from MetaMask. Is it legit?,https://support.metamask.io/hc/en-us/articles/12683145255835-I-received-an-email-claiming-to-be-from-MetaMask-Is-it-legit-,11294597751963
When I click 'max' it doesn't show all of my ETH. Why? ,https://support.metamask.io/hc/en-us/articles/12617708853787-When-I-click-max-it-doesn-t-show-all-of-my-ETH-Why-,10505259606555
Using transaction security providers to protect yourself from scams,https://support.metamask.io/hc/en-us/articles/12539282795675-Using-transaction-security-providers-to-protect-yourself-from-scams,360012783592
NFT listing scams,https://support.metamask.io/hc/en-us/articles/12514251724315-NFT-listing-scams,11294597751963
Why does MetaMask need permission to modify data on all web pages?,https://support.metamask.io/hc/en-us/articles/12412707939611-Why-does-MetaMask-need-permission-to-modify-data-on-all-web-pages-,360012783592
Token pre-sale scams,https://support.metamask.io/hc/en-us/articles/12339813400091-Token-pre-sale-scams,11294597751963
How to use multiple MetaMask wallets,https://support.metamask.io/hc/en-us/articles/12174759849371-How-to-use-multiple-MetaMask-wallets,4470019780379
What are metatransactions? ,https://support.metamask.io/hc/en-us/articles/12143770005275-What-are-metatransactions-,4499203097627
Clipboard hacking,https://support.metamask.io/hc/en-us/articles/12092086331035-Clipboard-hacking,11294597751963
Spoofing scams,https://support.metamask.io/hc/en-us/articles/12091966762523-Spoofing-scams,11294597751963
Sweeper bots/scripts,https://support.metamask.io/hc/en-us/articles/12091923128347-Sweeper-bots-scripts,11294597751963
What are the risks of using MetaMask Staking?,https://support.metamask.io/hc/en-us/articles/12085210973211-What-are-the-risks-of-using-MetaMask-Staking-,10505259606555
NFT minting scams,https://support.metamask.io/hc/en-us/articles/12026909671067-NFT-minting-scams,11294597751963
How do estimated rewards work? ,https://support.metamask.io/hc/en-us/articles/11991443541915-How-do-estimated-rewards-work-,10505259606555
"How does MetaMask calculate estimated rewards, network control, and popularity?",https://support.metamask.io/hc/en-us/articles/11936374949659-How-does-MetaMask-calculate-estimated-rewards-network-control-and-popularity-,10505259606555
What does it mean that Rocket Pool is at 'max capacity'? ,https://support.metamask.io/hc/en-us/articles/11936344408475-What-does-it-mean-that-Rocket-Pool-is-at-max-capacity-,10505259606555
Using MetaMask Swaps in MetaMask Portfolio,https://support.metamask.io/hc/en-us/articles/11908677699995-Using-MetaMask-Swaps-in-MetaMask-Portfolio,11908378337051
I can't connect MetaMask Extension to a dapp ,https://support.metamask.io/hc/en-us/articles/11907107168923-I-can-t-connect-MetaMask-Extension-to-a-dapp-,4469997552411
Testnet ETH scams,https://support.metamask.io/hc/en-us/articles/11836891903003-Testnet-ETH-scams,11294597751963
What are the tax implications of liquid staking?,https://support.metamask.io/hc/en-us/articles/11834702500123-What-are-the-tax-implications-of-liquid-staking-,10505259606555
How am I rewarded with Rocket Pool?,https://support.metamask.io/hc/en-us/articles/11834708272283-How-am-I-rewarded-with-Rocket-Pool-,10505259606555
What is Rocket Pool and rETH?,https://support.metamask.io/hc/en-us/articles/11834648109979-What-is-Rocket-Pool-and-rETH-,10505259606555
How am I rewarded with Lido?,https://support.metamask.io/hc/en-us/articles/11834668124059-How-am-I-rewarded-with-Lido-,10505259606555
"What are Lido, stETH and stMATIC?",https://support.metamask.io/hc/en-us/articles/11834643038363-What-are-Lido-stETH-and-stMATIC-,10505259606555
What's the difference between withdrawing my liquid staking tokens and swapping?,https://support.metamask.io/hc/en-us/articles/11834665501083-What-s-the-difference-between-withdrawing-my-liquid-staking-tokens-and-swapping-,10505259606555
How do I withdraw my stake and rewards?,https://support.metamask.io/hc/en-us/articles/11834605248923-How-do-I-withdraw-my-stake-and-rewards-,10505259606555
What happens to my tokens when I stake through MetaMask?,https://support.metamask.io/hc/en-us/articles/11834604093851-What-happens-to-my-tokens-when-I-stake-through-MetaMask-,10505259606555
What are liquid staking tokens?,https://support.metamask.io/hc/en-us/articles/11834602769563-What-are-liquid-staking-tokens-,10505259606555
What is staking?,https://support.metamask.io/hc/en-us/articles/11834624323099-What-is-staking-,10505259606555
What can I stake with MetaMask Staking? ,https://support.metamask.io/hc/en-us/articles/11834574786971-What-can-I-stake-with-MetaMask-Staking-,10505259606555
A transaction failed when interacting with a smart contract. What can I do?,https://support.metamask.io/hc/en-us/articles/11775160846107-A-transaction-failed-when-interacting-with-a-smart-contract-What-can-I-do-,4499203097627
Fake crypto exchange scams,https://support.metamask.io/hc/en-us/articles/11413988715675-Fake-crypto-exchange-scams,11294597751963
Fake 'mining' voucher scams,https://support.metamask.io/hc/en-us/articles/11324125739163-Fake-mining-voucher-scams,11294597751963
Honeypot scams,https://support.metamask.io/hc/en-us/articles/11298323455387-Honeypot-scams,11294597751963
Why can't I replace a pending transaction? ,https://support.metamask.io/hc/en-us/articles/11225646961563-Why-can-t-I-replace-a-pending-transaction-,4499203097627
"Error: ""EXPIRY_PASSED"" after a swap",https://support.metamask.io/hc/en-us/articles/10667281143579-Error-EXPIRY-PASSED-after-a-swap,360012954532
Why did my NFT-related transaction fail?,https://support.metamask.io/hc/en-us/articles/10646196548763-Why-did-my-NFT-related-transaction-fail-,4469964087195
How to move your tokens from a centralized exchange (CEX) to MetaMask,https://support.metamask.io/hc/en-us/articles/10469965997339-How-to-move-your-tokens-from-a-centralized-exchange-CEX-to-MetaMask,4472188143387
How to use the bridge,https://support.metamask.io/hc/en-us/articles/10055915089819-How-to-use-the-bridge,10055455704731
Funds sent on wrong network,https://support.metamask.io/hc/en-us/articles/9370013370139-Funds-sent-on-wrong-network,4472188143387
What is Smart Swaps?,https://support.metamask.io/hc/en-us/articles/9184393821211-What-is-Smart-Swaps-,360012954532
How do I send ETH/other tokens to a layer 2 or other network? ,https://support.metamask.io/hc/en-us/articles/8884781556379-How-do-I-send-ETH-other-tokens-to-a-layer-2-or-other-network-,360012783512
There is an unauthorized transaction on my account,https://support.metamask.io/hc/en-us/articles/8883259751579-There-is-an-unauthorized-transaction-on-my-account,360014010851
ETH or other tokens not appearing in recipient's wallet,https://support.metamask.io/hc/en-us/articles/8852012984091-ETH-or-other-tokens-not-appearing-in-recipient-s-wallet,4472188143387
Getting started with the MetaMask Portfolio dashboard,https://support.metamask.io/hc/en-us/articles/8324480160539-Getting-started-with-the-MetaMask-Portfolio-dashboard,10055453185435
How to avoid NFT scams,https://support.metamask.io/hc/en-us/articles/7640963618715-How-to-avoid-NFT-scams,4469964087195
How to customize a transaction nonce,https://support.metamask.io/hc/en-us/articles/7417499333531-How-to-customize-a-transaction-nonce,4499203097627
"What is MetaMask Flask, and how is it different from normal MetaMask?",https://support.metamask.io/hc/en-us/articles/6973089272091-What-is-MetaMask-Flask-and-how-is-it-different-from-normal-MetaMask-,360002198491
Network profile: Aurora ,https://support.metamask.io/hc/en-us/articles/6945467429019-Network-profile-Aurora-,4442278744475
How to use the MetaMask Mobile Browser,https://support.metamask.io/hc/en-us/articles/6356387482523-How-to-use-the-MetaMask-Mobile-Browser,360002198491
What is a token approval?,https://support.metamask.io/hc/en-us/articles/6174898326683-What-is-a-token-approval-,4499203097627
What role does staking play on Ethereum?,https://support.metamask.io/hc/en-us/articles/6065511188123-What-role-does-staking-play-on-Ethereum-,4469997552411
I can't access the 'Start a Conversation' button on the Support page,https://support.metamask.io/hc/en-us/articles/5973459712283-I-can-t-access-the-Start-a-Conversation-button-on-the-Support-page,360002198491
How does MetaMask connect to a blockchain network?,https://support.metamask.io/hc/en-us/articles/5378119120667-How-does-MetaMask-connect-to-a-blockchain-network-,360002198491
How do I turn on dark mode?,https://support.metamask.io/hc/en-us/articles/4863766647579-How-do-I-turn-on-dark-mode-,4470019780379
My country/region isn't supported for buying crypto,https://support.metamask.io/hc/en-us/articles/4863623238683-My-country-region-isn-t-supported-for-buying-crypto,12774894025883
Field Guide to Bridges,https://support.metamask.io/hc/en-us/articles/4836913606683-Field-Guide-to-Bridges,360012783512
The Ethereum address format and why it matters when using MetaMask,https://support.metamask.io/hc/en-us/articles/4702972178459-The-Ethereum-address-format-and-why-it-matters-when-using-MetaMask,360002198491
How to reset your wallet,https://support.metamask.io/hc/en-us/articles/4556918516763-How-to-reset-your-wallet,4472024417435
How to remove networks,https://support.metamask.io/hc/en-us/articles/4502810252059-How-to-remove-networks,4499296637979
How to check the status of an open Support ticket,https://support.metamask.io/hc/en-us/articles/4453556284571-How-to-check-the-status-of-an-open-Support-ticket,360002198491
How do I find my transactions?,https://support.metamask.io/hc/en-us/articles/4415966728219-How-do-I-find-my-transactions-,4499203097627
Network profiles hub,https://support.metamask.io/hc/en-us/articles/4415750833691-Network-profiles-hub,4442278744475
How to find a transaction ID,https://support.metamask.io/hc/en-us/articles/4413442094235-How-to-find-a-transaction-ID,4499203097627
Resetting your account in the event of a stuck or pending transaction,https://support.metamask.io/hc/en-us/articles/4412554560795-Resetting-your-account-in-the-event-of-a-stuck-or-pending-transaction,4499203097627
User Guide: Transactions and Failed Transactions,https://support.metamask.io/hc/en-us/articles/4410741657499-User-Guide-Transactions-and-Failed-Transactions,4499203097627
User Guide: Troubleshooting,https://support.metamask.io/hc/en-us/articles/4406430256539-User-Guide-Troubleshooting,360014010851
Tax compliance and crypto-assets,https://support.metamask.io/hc/en-us/articles/4406001678747-Tax-compliance-and-crypto-assets,360002211172
User Guide: Dapps,https://support.metamask.io/hc/en-us/articles/4405506066331-User-Guide-Dapps,4469997552411
User Guide: Tokens,https://support.metamask.io/hc/en-us/articles/4405497827355-User-Guide-Tokens,360012899951
User Guide: Swaps,https://support.metamask.io/hc/en-us/articles/4405093054363-User-Guide-Swaps,360012954532
User Guide: Gas,https://support.metamask.io/hc/en-us/articles/4404600179227-User-Guide-Gas,4499203944603
User Guide: Custom networks and sidechains,https://support.metamask.io/hc/en-us/articles/4404424659995-User-Guide-Custom-networks-and-sidechains,4499296637979
Sending (or receiving) a transaction with ENS,https://support.metamask.io/hc/en-us/articles/4404045329563-Sending-or-receiving-a-transaction-with-ENS,360002211172
Switching accounts in MetaMask,https://support.metamask.io/hc/en-us/articles/360061346311-Switching-accounts-in-MetaMask,4471975962907
How to suggest a feature or improvement,https://support.metamask.io/hc/en-us/articles/360061163031-How-to-suggest-a-feature-or-improvement,4470019780379
How to run your own Ethereum node and use it with MetaMask,https://support.metamask.io/hc/en-us/articles/360060707952-How-to-run-your-own-Ethereum-node-and-use-it-with-MetaMask,4470019780379
Reconciling and keeping track of your accounts,https://support.metamask.io/hc/en-us/articles/360061103031-Reconciling-and-keeping-track-of-your-accounts,4471975962907
Importing a seed phrase from another wallet software: derivation path,https://support.metamask.io/hc/en-us/articles/360060331752-Importing-a-seed-phrase-from-another-wallet-software-derivation-path,4471815759131
How to update the version of MetaMask,https://support.metamask.io/hc/en-us/articles/360060268452-How-to-update-the-version-of-MetaMask,4470019780379
Accidentally deleted my wallet,https://support.metamask.io/hc/en-us/articles/360060120152-Accidentally-deleted-my-wallet,4471975962907
Can I reverse an already confirmed transaction?,https://support.metamask.io/hc/en-us/articles/360059957352-Can-I-reverse-an-already-confirmed-transaction-,4499203097627
How to find and manage your MetaMask Extension on Chrome and Firefox,https://support.metamask.io/hc/en-us/articles/360060263391-How-to-find-and-manage-your-MetaMask-Extension-on-Chrome-and-Firefox,4470019780379
How to find a token contract address,https://support.metamask.io/hc/en-us/articles/360059683451-How-to-find-a-token-contract-address,4472133778715
Disconnect wallet from a dapp,https://support.metamask.io/hc/en-us/articles/360059535551-Disconnect-wallet-from-a-dapp,4469997552411
I am trying to pay the gas fee for OpenSea in order to sell my NFTs,https://support.metamask.io/hc/en-us/articles/360058628592-I-am-trying-to-pay-the-gas-fee-for-OpenSea-in-order-to-sell-my-NFTs,4469964087195
Can I import my Coinbase Wallet account to MetaMask?,https://support.metamask.io/hc/en-us/articles/360058485292-Can-I-import-my-Coinbase-Wallet-account-to-MetaMask-,4471975962907
How to check my wallet activity on the blockchain explorer,https://support.metamask.io/hc/en-us/articles/360057536611-How-to-check-my-wallet-activity-on-the-blockchain-explorer,360002211172
Basic Safety and Security Tips for MetaMask,https://support.metamask.io/hc/en-us/articles/360015489591-Basic-Safety-and-Security-Tips-for-MetaMask,360012783592
Getting started with MetaMask,https://support.metamask.io/hc/en-us/articles/360015489531-Getting-started-with-MetaMask,360002198491
How to speed up or cancel a pending transaction,https://support.metamask.io/hc/en-us/articles/360015489251-How-to-speed-up-or-cancel-a-pending-transaction,4499203097627
How to revoke a token allowance in MetaMask Portfolio,https://support.metamask.io/hc/en-us/articles/20220963022363-How-to-revoke-a-token-allowance-in-MetaMask-Portfolio,10055453185435
MetaMask Snaps FAQ,https://support.metamask.io/hc/en-us/articles/18245938714395-MetaMask-Snaps-FAQ,18157513444635
Address poisoning scams,https://support.metamask.io/hc/en-us/articles/11967455819035-Address-poisoning-scams,11294597751963
How are bridge fees calculated?,https://support.metamask.io/hc/en-us/articles/10056707767963-How-are-bridge-fees-calculated-,10055455704731
The risks of connecting to an unknown network,https://support.metamask.io/hc/en-us/articles/4417500466971-The-risks-of-connecting-to-an-unknown-network,4499296637979
Network profile: BNB Smart Chain (BNB),https://support.metamask.io/hc/en-us/articles/4415758120219-Network-profile-BNB-Smart-Chain-BNB-,4442278744475
Third-party swaps platforms,https://support.metamask.io/hc/en-us/articles/4415426473499-Third-party-swaps-platforms,360012954532
Token safety practices,https://support.metamask.io/hc/en-us/articles/4403988839451-Token-safety-practices,360012899951
Marking dapps as 'favorites' in MetaMask Mobile,https://support.metamask.io/hc/en-us/articles/360059087572-Marking-dapps-as-favorites-in-MetaMask-Mobile,4469997552411
Does MetaMask support ERC-1155?,https://support.metamask.io/hc/en-us/articles/360058488651-Does-MetaMask-support-ERC-1155-,4469964087195
What to do when your balance of tokens is incorrect,https://support.metamask.io/hc/en-us/articles/360028059272-What-to-do-when-your-balance-of-tokens-is-incorrect,360014010851
How to customize gas settings,https://support.metamask.io/hc/en-us/articles/360022895972-How-to-customize-gas-settings,4499203944603
"Learn the basics of blockchains and Ethereum (miners and validators, gas, cryptocurrencies and NFTs, block explorer, networks, etc.)",https://support.metamask.io/hc/en-us/articles/360015489611-Learn-the-basics-of-blockchains-and-Ethereum-miners-and-validators-gas-cryptocurrencies-and-NFTs-block-explorer-networks-etc-,360002198491
How to use the DeFi dashboard in MetaMask Portfolio,https://support.metamask.io/hc/en-us/articles/20032276072731-How-to-use-the-DeFi-dashboard-in-MetaMask-Portfolio,10055453185435
What are Security Snaps?,https://support.metamask.io/hc/en-us/articles/18377011111579-What-are-Security-Snaps-,18157513444635
How to adjust MetaMask privacy settings (Extension),https://support.metamask.io/hc/en-us/articles/11934888812699-How-to-adjust-MetaMask-privacy-settings-Extension-,360012783592
What happens when I initiate a transfer on a bridge?,https://support.metamask.io/hc/en-us/articles/10055615871643-What-happens-when-I-initiate-a-transfer-on-a-bridge-,10055455704731
"""Deceptive site ahead"" when trying to connect to a site",https://support.metamask.io/hc/en-us/articles/4428045875483--Deceptive-site-ahead-when-trying-to-connect-to-a-site,360014010851
"What is Infura, and why does MetaMask use it?",https://support.metamask.io/hc/en-us/articles/4417315392795-What-is-Infura-and-why-does-MetaMask-use-it-,360012783512
Network profile: Polygon (MATIC),https://support.metamask.io/hc/en-us/articles/4415758346267-Network-profile-Polygon-MATIC-,4442278744475
How to use Liquidity Pool (LP) tokens,https://support.metamask.io/hc/en-us/articles/4409347883675-How-to-use-Liquidity-Pool-LP-tokens,360012954532
How to externally verify that your balance is correct,https://support.metamask.io/hc/en-us/articles/4407623354139-How-to-externally-verify-that-your-balance-is-correct,360012899951
"User Guide: Secret Recovery Phrase, password, and private keys",https://support.metamask.io/hc/en-us/articles/4404722782107-User-Guide-Secret-Recovery-Phrase-password-and-private-keys,360002198491
My token is missing a price or fiat value,https://support.metamask.io/hc/en-us/articles/360058033132-My-token-is-missing-a-price-or-fiat-value,360012899951
How to restore your MetaMask wallet from Secret Recovery Phrase,https://support.metamask.io/hc/en-us/articles/360015289612-How-to-restore-your-MetaMask-wallet-from-Secret-Recovery-Phrase,4472024417435
What are Interoperability Snaps?,https://support.metamask.io/hc/en-us/articles/18376977618843-What-are-Interoperability-Snaps-,18157513444635
How to send assets from MetaMask Portfolio,https://support.metamask.io/hc/en-us/articles/18367107240091-How-to-send-assets-from-MetaMask-Portfolio,10055453185435
How to enable automatic security checks (Mobile),https://support.metamask.io/hc/en-us/articles/11199141001243-How-to-enable-automatic-security-checks-Mobile-,360012783592
Receiving funds from Binance,https://support.metamask.io/hc/en-us/articles/4416069050011-Receiving-funds-from-Binance,4499267442331
Network profile: Avalanche (AVAX),https://support.metamask.io/hc/en-us/articles/4415758179355-Network-profile-Avalanche-AVAX-,4442278744475
"Error: ""Unable to locate this TxnHash""",https://support.metamask.io/hc/en-us/articles/4415546187803-Error-Unable-to-locate-this-TxnHash-,360014010851
A token is missing from my wallet,https://support.metamask.io/hc/en-us/articles/360059232852-A-token-is-missing-from-my-wallet,4472133778715
How to estimate the gas fee,https://support.metamask.io/hc/en-us/articles/360059562111-How-to-estimate-the-gas-fee,4499203944603
Issues connecting to a decentralized exchange (DEX) ,https://support.metamask.io/hc/en-us/articles/360058924252-Issues-connecting-to-a-decentralized-exchange-DEX-,4469997552411
How to contact MetaMask Support,https://support.metamask.io/hc/en-us/articles/360058969391-How-to-contact-MetaMask-Support,360002198491
How to add missing accounts after restoring with Secret Recovery Phrase,https://support.metamask.io/hc/en-us/articles/360015489271-How-to-add-missing-accounts-after-restoring-with-Secret-Recovery-Phrase,4471975962907
What are Communication Snaps?,https://support.metamask.io/hc/en-us/articles/18376956006171-What-are-Communication-Snaps-,18157513444635
What is an unverified token in MetaMask Portfolio?,https://support.metamask.io/hc/en-us/articles/16568186538267-What-is-an-unverified-token-in-MetaMask-Portfolio-,10055453185435
Does MetaMask collect my personal data?,https://support.metamask.io/hc/en-us/articles/10992445334555-Does-MetaMask-collect-my-personal-data-,360012783592
Network profile: Fantom (FTM),https://support.metamask.io/hc/en-us/articles/4415758161435-Network-profile-Fantom-FTM-,4442278744475
"Understanding BSC, Binance, and MetaMask",https://support.metamask.io/hc/en-us/articles/4412308177691-Understanding-BSC-Binance-and-MetaMask,4499267442331
Accidentally sending funds to the wrong address,https://support.metamask.io/hc/en-us/articles/4404062349979-Accidentally-sending-funds-to-the-wrong-address,4472188143387
Having issues with your Ledger,https://support.metamask.io/hc/en-us/articles/360061103171-Having-issues-with-your-Ledger,360014010851
MetaMask is a self-custodial wallet,https://support.metamask.io/hc/en-us/articles/360059952212-MetaMask-is-a-self-custodial-wallet,360002198491
Refunding gas fees,https://support.metamask.io/hc/en-us/articles/360058370012-Refunding-gas-fees,4499203944603
How to recover your Secret Recovery Phrase,https://support.metamask.io/hc/en-us/articles/360018766351-How-to-recover-your-Secret-Recovery-Phrase,4471815759131
How to install a Snap,https://support.metamask.io/hc/en-us/articles/18377109938459-How-to-install-a-Snap,18157513444635
Failed transaction scams,https://support.metamask.io/hc/en-us/articles/10648324597659-Failed-transaction-scams,11294597751963
I can't import a token into the MetaMask Portfolio dashboard. Why? ,https://support.metamask.io/hc/en-us/articles/10587744991131-I-can-t-import-a-token-into-the-MetaMask-Portfolio-dashboard-Why-,10055453185435
Network profile: Harmony (ONE),https://support.metamask.io/hc/en-us/articles/4415758143387-Network-profile-Harmony-ONE-,4442278744475
Transferring assets to the Binance exchange,https://support.metamask.io/hc/en-us/articles/4411972525851-Transferring-assets-to-the-Binance-exchange,4499267442331
My transaction is successful but the amount I received is far lower than the amount confirmed,https://support.metamask.io/hc/en-us/articles/360060845071-My-transaction-is-successful-but-the-amount-I-received-is-far-lower-than-the-amount-confirmed,360014010851
Error fetching quote,https://support.metamask.io/hc/en-us/articles/360060329612-Error-fetching-quote,360012954532
How to view ETC Ethereum Classic token ,https://support.metamask.io/hc/en-us/articles/360058809292-How-to-view-ETC-Ethereum-Classic-token-,4472133778715
Why are my gas fees so high?,https://support.metamask.io/hc/en-us/articles/360058751211-Why-are-my-gas-fees-so-high-,4499203944603
How can I get my weekly ETH purchase limit raised?,https://support.metamask.io/hc/en-us/articles/360058624871-How-can-I-get-my-weekly-ETH-purchase-limit-raised-,360002198491
How to view your account details and public address,https://support.metamask.io/hc/en-us/articles/360015488791-How-to-view-your-account-details-and-public-address,4471975962907
How to uninstall a Snap,https://support.metamask.io/hc/en-us/articles/18377089629723-How-to-uninstall-a-Snap,18157513444635
The dashboard is not showing the same tokens as my MetaMask wallet,https://support.metamask.io/hc/en-us/articles/10554670875291-The-dashboard-is-not-showing-the-same-tokens-as-my-MetaMask-wallet,10055453185435
How to tell if a smart contract is safe to interact with,https://support.metamask.io/hc/en-us/articles/10143114273563-How-to-tell-if-a-smart-contract-is-safe-to-interact-with,360012783592
Network profile: Arbitrum,https://support.metamask.io/hc/en-us/articles/4415758358299-Network-profile-Arbitrum,4442278744475
Bitcoin (BTC) on EVM-compatible networks,https://support.metamask.io/hc/en-us/articles/4408082319259-Bitcoin-BTC-on-EVM-compatible-networks,360012783512
How to cancel a pending swap,https://support.metamask.io/hc/en-us/articles/360060419011-How-to-cancel-a-pending-swap,360012954532
MetaMask is unable to connect to the blockchain host,https://support.metamask.io/hc/en-us/articles/360059950752-MetaMask-is-unable-to-connect-to-the-blockchain-host,360014010851
How do I change my account name? ,https://support.metamask.io/hc/en-us/articles/360058033872-How-do-I-change-my-account-name-,4471975962907
How to buy crypto in MetaMask,https://support.metamask.io/hc/en-us/articles/360058239311-How-to-buy-crypto-in-MetaMask,12774894025883
How to update a Snap,https://support.metamask.io/hc/en-us/articles/18377087100187-How-to-update-a-Snap,18157513444635
How to import a token in MetaMask Portfolio,https://support.metamask.io/hc/en-us/articles/8324697607835-How-to-import-a-token-in-MetaMask-Portfolio,10055453185435
Network profile: Optimism (OP Mainnet),https://support.metamask.io/hc/en-us/articles/4415758352667-Network-profile-Optimism-OP-Mainnet-,4442278744475
How to send tokens from BSC to Ethereum or other chains,https://support.metamask.io/hc/en-us/articles/4404464724635-How-to-send-tokens-from-BSC-to-Ethereum-or-other-chains,4499267442331
EWT Energy Web Network Basics,https://support.metamask.io/hc/en-us/articles/360059961492-EWT-Energy-Web-Network-Basics,4472133778715
Why are some tokens missing from MetaMask Swaps?,https://support.metamask.io/hc/en-us/articles/360059004712-Why-are-some-tokens-missing-from-MetaMask-Swaps-,360012954532
Where do I find my gas history?,https://support.metamask.io/hc/en-us/articles/360057458672-Where-do-I-find-my-gas-history-,4499203944603
Direct deposit (receive) tokens to your MetaMask wallet,https://support.metamask.io/hc/en-us/articles/360028141672-Direct-deposit-receive-tokens-to-your-MetaMask-wallet,360002198491
How to add accounts in your wallet,https://support.metamask.io/hc/en-us/articles/360015289452-How-to-add-accounts-in-your-wallet,4471975962907
How do Snap permissions work?,https://support.metamask.io/hc/en-us/articles/18377038232475-How-do-Snap-permissions-work-,18157513444635
How to tell the difference between a regular airdrop and airdrop phishing scams,https://support.metamask.io/hc/en-us/articles/9008198129691-How-to-tell-the-difference-between-a-regular-airdrop-and-airdrop-phishing-scams,11294597751963
How to remove an account from MetaMask Portfolio,https://support.metamask.io/hc/en-us/articles/8324659153179-How-to-remove-an-account-from-MetaMask-Portfolio,10055453185435
Network profile: Palm,https://support.metamask.io/hc/en-us/articles/4415771874971-Network-profile-Palm,4442278744475
I have sent funds from Binance Smart Chain to MetaMask but I don't see the tokens in my MetaMask wallet,https://support.metamask.io/hc/en-us/articles/360059876052-I-have-sent-funds-from-Binance-Smart-Chain-to-MetaMask-but-I-don-t-see-the-tokens-in-my-MetaMask-wallet,4472188143387
"Error: [number-to-bn] while converting number ""0xNaN"" to BN.js instance, error: invalid number value. Value must be an integer, hex string, BN or BigNumber instance. Note, decimals are not supported",https://support.metamask.io/hc/en-us/articles/360059462052-Error-number-to-bn-while-converting-number-0xNaN-to-BN-js-instance-error-invalid-number-value-Value-must-be-an-integer-hex-string-BN-or-BigNumber-instance-Note-decimals-are-not-supported,360014010851
"I did a swap, but received fewer tokens or less fiat value than I expected. Why? ",https://support.metamask.io/hc/en-us/articles/360059421651-I-did-a-swap-but-received-fewer-tokens-or-less-fiat-value-than-I-expected-Why-,360012954532
How does MetaMask generate your keys?,https://support.metamask.io/hc/en-us/articles/360020091432-How-does-MetaMask-generate-your-keys-,4471815759131
Using the same MetaMask wallet on multiple devices,https://support.metamask.io/hc/en-us/articles/360015289772-Using-the-same-MetaMask-wallet-on-multiple-devices,4470019780379
How to troubleshoot Snap issues,https://support.metamask.io/hc/en-us/articles/18377083455771-How-to-troubleshoot-Snap-issues,18157513444635
How to connect your account(s) to MetaMask Portfolio,https://support.metamask.io/hc/en-us/articles/8324584621083-How-to-connect-your-account-s-to-MetaMask-Portfolio,10055453185435
Why am I being asked to sign in? (Sign In With Ethereum),https://support.metamask.io/hc/en-us/articles/7622210047771-Why-am-I-being-asked-to-sign-in-Sign-In-With-Ethereum-,360012783592
Tips for using MetaMask and Ronin wallets successfully,https://support.metamask.io/hc/en-us/articles/4403684463899-Tips-for-using-MetaMask-and-Ronin-wallets-successfully,360012783512
Why Infura cannot serve certain areas,https://support.metamask.io/hc/en-us/articles/360059386712-Why-Infura-cannot-serve-certain-areas,360014010851
Why did my MetaMask swap fail?,https://support.metamask.io/hc/en-us/articles/360058994872-Why-did-my-MetaMask-swap-fail-,360012954532
Internal transactions,https://support.metamask.io/hc/en-us/articles/360058568312-Internal-transactions,4499203097627
MetaMask Legacy Web3,https://support.metamask.io/hc/en-us/articles/360053147012-MetaMask-Legacy-Web3,4469997552411
How to export an account's private key,https://support.metamask.io/hc/en-us/articles/360015289632-How-to-export-an-account-s-private-key,4471815759131
How to access Snap settings,https://support.metamask.io/hc/en-us/articles/18377034508699-How-to-access-Snap-settings,18157513444635
My MetaMask Portfolio dashboard is inaccurate or not up to date,https://support.metamask.io/hc/en-us/articles/8324578936347-My-MetaMask-Portfolio-dashboard-is-inaccurate-or-not-up-to-date,10055453185435
How to manage your MetaMetrics settings,https://support.metamask.io/hc/en-us/articles/6921789658523-How-to-manage-your-MetaMetrics-settings,360012783592
Does MetaMask support Polkadot?,https://support.metamask.io/hc/en-us/articles/360060861011-Does-MetaMask-support-Polkadot-,360012783512
How to add a memo to a transaction,https://support.metamask.io/hc/en-us/articles/360059452091-How-to-add-a-memo-to-a-transaction,4499203097627
Why is the MetaMask Swap button unavailable / greyed out?,https://support.metamask.io/hc/en-us/articles/360059410511-Why-is-the-MetaMask-Swap-button-unavailable-greyed-out-,360012954532
Manually connecting to a dapp,https://support.metamask.io/hc/en-us/articles/360045901112-Manually-connecting-to-a-dapp,4469997552411
Using MetaMask wallet in Brave browser,https://support.metamask.io/hc/en-us/articles/360038596792-Using-MetaMask-wallet-in-Brave-browser,4470019780379
How to copy your MetaMask account public address ,https://support.metamask.io/hc/en-us/articles/360015289512-How-to-copy-your-MetaMask-account-public-address-,4471975962907
How to enable MetaMask Snaps,https://support.metamask.io/hc/en-us/articles/18376876937115-How-to-enable-MetaMask-Snaps,18157513444635
"An NFT is missing, marked suspicious, or not displaying correctly in MetaMask Portfolio",https://support.metamask.io/hc/en-us/articles/8324475154715-An-NFT-is-missing-marked-suspicious-or-not-displaying-correctly-in-MetaMask-Portfolio,10055453185435
Will MetaMask ever ask me to verify my account?,https://support.metamask.io/hc/en-us/articles/6286050620955-Will-MetaMask-ever-ask-me-to-verify-my-account-,360012783592
Error: Cannot read property 'balance' of undefined ,https://support.metamask.io/hc/en-us/articles/360059812931-Error-Cannot-read-property-balance-of-undefined-,360014010851
How do I see the price at time of purchase for tokens bought through Swaps,https://support.metamask.io/hc/en-us/articles/360058615371-How-do-I-see-the-price-at-time-of-purchase-for-tokens-bought-through-Swaps,360012954532
NFT tokens in your MetaMask wallet,https://support.metamask.io/hc/en-us/articles/360058238591-NFT-tokens-in-your-MetaMask-wallet,4469964087195
How to send tokens from your MetaMask wallet,https://support.metamask.io/hc/en-us/articles/360015488931-How-to-send-tokens-from-your-MetaMask-wallet,4472188143387
How to create your own Snap,https://support.metamask.io/hc/en-us/articles/18376694691739-How-to-create-your-own-Snap,18157513444635
How to watch an account in MetaMask Portfolio,https://support.metamask.io/hc/en-us/articles/8324454669339-How-to-watch-an-account-in-MetaMask-Portfolio,10055453185435
How to customize token approvals with a spending cap,https://support.metamask.io/hc/en-us/articles/6055177143579-How-to-customize-token-approvals-with-a-spending-cap,360012783592
Custom networks missing after reinstalling or restoring from Secret Recovery Phrase,https://support.metamask.io/hc/en-us/articles/360059959612-Custom-networks-missing-after-reinstalling-or-restoring-from-Secret-Recovery-Phrase,4499296637979
"How do I send, receive, or cash out an NFT?",https://support.metamask.io/hc/en-us/articles/360058961911-How-do-I-send-receive-or-cash-out-an-NFT-,4469964087195
Cannot load tokens due to error message about token being already added,https://support.metamask.io/hc/en-us/articles/360058376632-Cannot-load-tokens-due-to-error-message-about-token-being-already-added,360014010851
How do I log out of (lock) my wallet?,https://support.metamask.io/hc/en-us/articles/360053412451-How-do-I-log-out-of-lock-my-wallet-,4471975962907
Uniswap support and troubleshooting tips,https://support.metamask.io/hc/en-us/articles/360053394291-Uniswap-support-and-troubleshooting-tips,360012954532
Why did I pay gas fees for a failed transaction?,https://support.metamask.io/hc/en-us/articles/360045439051-Why-did-I-pay-gas-fees-for-a-failed-transaction-,4499203944603
How to hide an asset (token or NFT) in MetaMask Portfolio,https://support.metamask.io/hc/en-us/articles/8324371826587-How-to-hide-an-asset-token-or-NFT-in-MetaMask-Portfolio,10055453185435
Does MetaMask have a bug bounty program for vulnerabilities?,https://support.metamask.io/hc/en-us/articles/6000270235291-Does-MetaMask-have-a-bug-bounty-program-for-vulnerabilities-,360012783592
Error: Exception is thrown in contract code/in contract execution,https://support.metamask.io/hc/en-us/articles/360059153452-Error-Exception-is-thrown-in-contract-code-in-contract-execution,360014010851
"How to interact with NFTs, OpenSea, and Rarible",https://support.metamask.io/hc/en-us/articles/360058240151-How-to-interact-with-NFTs-OpenSea-and-Rarible,4469964087195
Where does MetaMask source the token's price?,https://support.metamask.io/hc/en-us/articles/360058057471-Where-does-MetaMask-source-the-token-s-price-,360012954532
How can I reset my password?,https://support.metamask.io/hc/en-us/articles/360039616872-How-can-I-reset-my-password-,4472024417435
Using a local node,https://support.metamask.io/hc/en-us/articles/360015290012-Using-a-local-node,4470019780379
How to watch a token in MetaMask Portfolio,https://support.metamask.io/hc/en-us/articles/8324356266907-How-to-watch-a-token-in-MetaMask-Portfolio,10055453185435
Fighting back against sweeper bots,https://support.metamask.io/hc/en-us/articles/5716855323675-Fighting-back-against-sweeper-bots,11294597751963
Error: undefined is not an object,https://support.metamask.io/hc/en-us/articles/360059290331-Error-undefined-is-not-an-object,360014010851
How to clear your account activity/reset account,https://support.metamask.io/hc/en-us/articles/360015488891-How-to-clear-your-account-activity-reset-account,4472024417435
User Guide: How to use a Hardware Wallet,https://support.metamask.io/hc/en-us/articles/5450173968283-User-Guide-How-to-use-a-Hardware-Wallet,360012783592
ETH on Sepolia and Goerli networks (testnets),https://support.metamask.io/hc/en-us/articles/360059213492-ETH-on-Sepolia-and-Goerli-networks-testnets-,360012783512
Error: Invalid or missing bridge url parameter value,https://support.metamask.io/hc/en-us/articles/360059290011-Error-Invalid-or-missing-bridge-url-parameter-value,360014010851
How to import an account,https://support.metamask.io/hc/en-us/articles/360015489331-How-to-import-an-account,4471975962907
What is a token contract address?,https://support.metamask.io/hc/en-us/articles/360015488811-What-is-a-token-contract-address-,4472133778715
How to report a scam,https://support.metamask.io/hc/en-us/articles/5168786362779-How-to-report-a-scam,360012783592
"Error ""unable to load balance""",https://support.metamask.io/hc/en-us/articles/360058461612-Error-unable-to-load-balance-,360014010851
What are imported accounts? ,https://support.metamask.io/hc/en-us/articles/360015289932-What-are-imported-accounts-,4471975962907
Account Migration Guide,https://support.metamask.io/hc/en-us/articles/4867408571803-Account-Migration-Guide,360012783592
"Error ""No chain ID defined""",https://support.metamask.io/hc/en-us/articles/360058987211-Error-No-chain-ID-defined-,360014010851
How to remove a token,https://support.metamask.io/hc/en-us/articles/360058451852-How-to-remove-a-token,4472133778715
How to add a custom network RPC,https://support.metamask.io/hc/en-us/articles/360043227612-How-to-add-a-custom-network-RPC,4499296637979
Why am I being warned about sending tokens to a contract?,https://support.metamask.io/hc/en-us/articles/360020028092-Why-am-I-being-warned-about-sending-tokens-to-a-contract-,4472188143387
How to download state logs,https://support.metamask.io/hc/en-us/articles/360015290092-How-to-download-state-logs,4470019780379
Is MetaMask owned by JP Morgan?,https://support.metamask.io/hc/en-us/articles/4783940855323-Is-MetaMask-owned-by-JP-Morgan-,360012783592
How to add a token logo,https://support.metamask.io/hc/en-us/articles/360059582151-How-to-add-a-token-logo,4472133778715
Add a network using Chainlist,https://support.metamask.io/hc/en-us/articles/360058992772-Add-a-network-using-Chainlist,4499296637979
"Unlock error: ""invalid password""",https://support.metamask.io/hc/en-us/articles/360058878051-Unlock-error-invalid-password-,360014010851
"Why did my transaction fail with an ""Out of Gas"" error? How can I fix it?",https://support.metamask.io/hc/en-us/articles/360038849792-Why-did-my-transaction-fail-with-an-Out-of-Gas-error-How-can-I-fix-it-,4499203944603
Can I use MetaMask in my country?,https://support.metamask.io/hc/en-us/articles/4783916052251-Can-I-use-MetaMask-in-my-country-,360012783592
How to remove an account from your MetaMask wallet,https://support.metamask.io/hc/en-us/articles/360057435092-How-to-remove-an-account-from-your-MetaMask-wallet,4471975962907
Verifying custom network information,https://support.metamask.io/hc/en-us/articles/360057142392-Verifying-custom-network-information,4499296637979
How to revoke smart contract allowances/token approvals,https://support.metamask.io/hc/en-us/articles/4446106184731-How-to-revoke-smart-contract-allowances-token-approvals,360012783592
"How to fix ""insufficient funds"" error or greyed-out confirm button",https://support.metamask.io/hc/en-us/articles/360044703372-How-to-fix-insufficient-funds-error-or-greyed-out-confirm-button,360014010851
How can I delete my MetaMask wallet?,https://support.metamask.io/hc/en-us/articles/360042515731-How-can-I-delete-my-MetaMask-wallet-,4472024417435
Why am I being asked to connect to a dapp?,https://support.metamask.io/hc/en-us/articles/360036580711-Why-am-I-being-asked-to-connect-to-a-dapp-,4469997552411
How to enable full disk encryption for improved security,https://support.metamask.io/hc/en-us/articles/4425628474651-How-to-enable-full-disk-encryption-for-improved-security,360012783592
Error: [ethjs-query] while formatting outputs from RPC (transaction underpriced error),https://support.metamask.io/hc/en-us/articles/4402538041869-Error-ethjs-query-while-formatting-outputs-from-RPC-transaction-underpriced-error-,360014010851
How to display tokens in MetaMask,https://support.metamask.io/hc/en-us/articles/360015489031-How-to-display-tokens-in-MetaMask,4472133778715
How to report an address on Etherscan,https://support.metamask.io/hc/en-us/articles/4415323627803-How-to-report-an-address-on-Etherscan,360012783592
Sending assets to Binance (BNB Smart Chain),https://support.metamask.io/hc/en-us/articles/360059408871-Sending-assets-to-Binance-BNB-Smart-Chain-,4499267442331
"MetaMask states ""Balance may be outdated"", displays in orange, or ETH not added to balance",https://support.metamask.io/hc/en-us/articles/360038139452-MetaMask-states-Balance-may-be-outdated-displays-in-orange-or-ETH-not-added-to-balance,360014010851
When two-factor authentication?,https://support.metamask.io/hc/en-us/articles/4415327052443-When-two-factor-authentication-,360012783592
How to connect to the Gnosis Chain network (formerly xDai),https://support.metamask.io/hc/en-us/articles/360052711572-How-to-connect-to-the-Gnosis-Chain-network-formerly-xDai-,360012783512
"Error ""Internal JSON-RPC error"" when trying to interact with other networks",https://support.metamask.io/hc/en-us/articles/360059289871-Error-Internal-JSON-RPC-error-when-trying-to-interact-with-other-networks,4499296637979
How to change language settings in MetaMask,https://support.metamask.io/hc/en-us/articles/360032949832-How-to-change-language-settings-in-MetaMask,4470019780379
Hardware Wallet Hub,https://support.metamask.io/hc/en-us/articles/4408552261275-Hardware-Wallet-Hub,360012783592
How to connect a Trezor or Ledger Hardware Wallet,https://support.metamask.io/hc/en-us/articles/360020394612-How-to-connect-a-Trezor-or-Ledger-Hardware-Wallet,360002211172
Infura connectivity issues,https://support.metamask.io/hc/en-us/articles/360015489191-Infura-connectivity-issues,360012783512
Scammers and Phishers: Rugpulls and airdrop scams,https://support.metamask.io/hc/en-us/articles/4407169552667-Scammers-and-Phishers-Rugpulls-and-airdrop-scams,11294597751963
Passwords and MetaMask,https://support.metamask.io/hc/en-us/articles/4405451730331-Passwords-and-MetaMask,360012783592
What is a ‘Secret Recovery Phrase’ and how to keep your crypto wallet secure,https://support.metamask.io/hc/en-us/articles/360060826432-What-is-a-Secret-Recovery-Phrase-and-how-to-keep-your-crypto-wallet-secure,360012783592
What kind of data is MetaMask collecting?,https://support.metamask.io/hc/en-us/articles/360059913612-What-kind-of-data-is-MetaMask-collecting-,360012783592
How to reveal your Secret Recovery Phrase,https://support.metamask.io/hc/en-us/articles/360015290032-How-to-reveal-your-Secret-Recovery-Phrase,360012783592
My Secret Recovery Phrase/private key restored the wrong account(s),https://support.metamask.io/hc/en-us/articles/360058120992-My-Secret-Recovery-Phrase-private-key-restored-the-wrong-account-s-,360012783592
How to install MetaMask manually,https://support.metamask.io/hc/en-us/articles/360015489471-How-to-install-MetaMask-manually,4470019780379
"How to fix ""Invalid Seed Phrase"" error (Invalid Secret Recovery Phrase)",https://support.metamask.io/hc/en-us/articles/360053014611-How-to-fix-Invalid-Seed-Phrase-error-Invalid-Secret-Recovery-Phrase-,360012783592
"Revert back to earlier version, or add custom build to Chrome",https://support.metamask.io/hc/en-us/articles/360016336611-Revert-back-to-earlier-version-or-add-custom-build-to-Chrome,4470019780379
I've been hacked/scammed (unauthorized transactions on my account),https://support.metamask.io/hc/en-us/articles/360052511372-I-ve-been-hacked-scammed-unauthorized-transactions-on-my-account-,360012783592
How to disable or enable MetaMask Extension auto-updates,https://support.metamask.io/hc/en-us/articles/360015290132-How-to-disable-or-enable-MetaMask-Extension-auto-updates,4470019780379
Why can a site get blocklisted?,https://support.metamask.io/hc/en-us/articles/360015289752-Why-can-a-site-get-blocklisted-,4469997552411
